Workbook

Sheet Cadastro Indicadores
A2: Dados dos indicadores materno-infantis
A3: Dados transcritos do documento disponibilizado. As linhas vazias ao final podem ser usadas para os próximos períodos.
A5: periodo_referencia | B5: codigo_indicador | C5: nome_indicador | D5: tipo_atendimento | E5: detalhamento | F5: resultado_informado | G5: numerador | H5: denominador | I5: resultado_para_dashboard | J5: unidade_medida | K5: justificativa_observacao | L5: relatorio_fonte | M5: data_do_registro | N5: area_responsavel | O5: situacao_do_dado | P5: conferencia_preenchimento
A6: 46023 | B6: 2017 | C6: =IFERROR(VLOOKUP(B6,Referência!$A$5:$I$16,2,FALSE),"") -> Percentual de recém-nascidos com amamentação na primeira hora de vida | D6: SUS | E6: Sem detalhamento | F6: 0.932 | G6: 82 | H6: 88 | I6: =IF(B6="","",IF(F6<>"",F6,IF(AND(G6<>"",H6<>""),IF(H6=0,"",G6/H6),""))) -> 0.932 | J6: =IFERROR(VLOOKUP(B6,Referência!$A$5:$I$16,9,FALSE),"") -> percentual | K6: RN prematuro; indisposição materna; desconforto respiratório agudo. | L6: Relatório cód. 2017 | M6: 46276 | N6: Coordenação da Maternidade | O6: Transcrito do documento | P6: =IF(B6="","",IF(OR(A6="",C6="",D6="",E6="",I6="",J6="",L6="",M6="",N6="",O6=""),"INCOMPLETO","COMPLETO")) -> COMPLETO
A7: 46023 | B7: 2017 | C7: =IFERROR(VLOOKUP(B7,Referência!$A$5:$I$16,2,FALSE),"") -> Percentual de recém-nascidos com amamentação na primeira hora de vida | D7: Saúde suplementar | E7: Sem detalhamento | F7: 0.875 | G7: 56 | H7: 64 | I7: =IF(B7="","",IF(F7<>"",F7,IF(AND(G7<>"",H7<>""),IF(H7=0,"",G7/H7),""))) -> 0.875 | J7: =IFERROR(VLOOKUP(B7,Referência!$A$5:$I$16,9,FALSE),"") -> percentual | K7: Indisposição materna; RN nauseado; intercorrência materna. | L7: Relatório cód. 2017 | M7: 46276 | N7: Coordenação da Maternidade | O7: Transcrito do documento | P7: =IF(B7="","",IF(OR(A7="",C7="",D7="",E7="",I7="",J7="",L7="",M7="",N7="",O7=""),"INCOMPLETO","COMPLETO")) -> COMPLETO
A8: 46054 | B8: 2017 | C8: =IFERROR(VLOOKUP(B8,Referência!$A$5:$I$16,2,FALSE),"") -> Percentual de recém-nascidos com amamentação na primeira hora de vida | D8: SUS | E8: Sem detalhamento | F8: 0.923 | G8: 60 | H8: 65 | I8: =IF(B8="","",IF(F8<>"",F8,IF(AND(G8<>"",H8<>""),IF(H8=0,"",G8/H8),""))) -> 0.923 | J8: =IFERROR(VLOOKUP(B8,Referência!$A$5:$I$16,9,FALSE),"") -> percentual | K8: RN PIG; sofrimento fetal agudo; desconforto respiratório agudo. | L8: Relatório cód. 2017 | M8: 46276 | N8: Coordenação da Maternidade | O8: Transcrito do documento | P8: =IF(B8="","",IF(OR(A8="",C8="",D8="",E8="",I8="",J8="",L8="",M8="",N8="",O8=""),"INCOMPLETO","COMPLETO")) -> COMPLETO
A9: 46054 | B9: 2017 | C9: =IFERROR(VLOOKUP(B9,Referência!$A$5:$I$16,2,FALSE),"") -> Percentual de recém-nascidos com amamentação na primeira hora de vida | D9: Saúde suplementar | E9: Sem detalhamento | F9: 0.868 | G9: 59 | H9: 68 | I9: =IF(B9="","",IF(F9<>"",F9,IF(AND(G9<>"",H9<>""),IF(H9=0,"",G9/H9),""))) -> 0.868 | J9: =IFERROR(VLOOKUP(B9,Referência!$A$5:$I$16,9,FALSE),"") -> percentual | K9: RN em observação; necessidade de CPAP; prematuridade; mãe após anestesia geral. | L9: Relatório cód. 2017 | M9: 46276 | N9: Coordenação da Maternidade | O9: Transcrito do documento | P9: =IF(B9="","",IF(OR(A9="",C9="",D9="",E9="",I9="",J9="",L9="",M9="",N9="",O9=""),"INCOMPLETO","COMPLETO")) -> COMPLETO
A10: 46082 | B10: 2017 | C10: =IFERROR(VLOOKUP(B10,Referência!$A$5:$I$16,2,FALSE),"") -> Percentual de recém-nascidos com amamentação na primeira hora de vida | D10: SUS | E10: Sem detalhamento | F10: 0.945 | G10: 121 | H10: 128 | I10: =IF(B10="","",IF(F10<>"",F10,IF(AND(G10<>"",H10<>""),IF(H10=0,"",G10/H10),""))) -> 0.945 | J10: =IFERROR(VLOOKUP(B10,Referência!$A$5:$I$16,9,FALSE),"") -> percentual | K10: Prematuridade; desconforto respiratório agudo. | L10: Relatório cód. 2017 | M10: 46276 | N10: Coordenação da Maternidade | O10: Transcrito do documento | P10: =IF(B10="","",IF(OR(A10="",C10="",D10="",E10="",I10="",J10="",L10="",M10="",N10="",O10=""),"INCOMPLETO","COMPLETO")) -> COMPLETO
A11: 46082 | B11: 2017 | C11: =IFERROR(VLOOKUP(B11,Referência!$A$5:$I$16,2,FALSE),"") -> Percentual de recém-nascidos com amamentação na primeira hora de vida | D11: Saúde suplementar | E11: Sem detalhamento | F11: 0.85 | G11: 68 | H11: 80 | I11: =IF(B11="","",IF(F11<>"",F11,IF(AND(G11<>"",H11<>""),IF(H11=0,"",G11/H11),""))) -> 0.85 | J11: =IFERROR(VLOOKUP(B11,Referência!$A$5:$I$16,9,FALSE),"") -> percentual | K11: Aquecimento e observação; prematuridade; necessidade de CPAP. | L11: Relatório cód. 2017 | M11: 46276 | N11: Coordenação da Maternidade | O11: Transcrito do documento | P11: =IF(B11="","",IF(OR(A11="",C11="",D11="",E11="",I11="",J11="",L11="",M11="",N11="",O11=""),"INCOMPLETO","COMPLETO")) -> COMPLETO
A12: 46113 | B12: 2017 | C12: =IFERROR(VLOOKUP(B12,Referência!$A$5:$I$16,2,FALSE),"") -> Percentual de recém-nascidos com amamentação na primeira hora de vida | D12: SUS | E12: Sem detalhamento | F12: 0.906 | G12: 87 | H12: 96 | I12: =IF(B12="","",IF(F12<>"",F12,IF(AND(G12<>"",H12<>""),IF(H12=0,"",G12/H12),""))) -> 0.906 | J12: =IFERROR(VLOOKUP(B12,Referência!$A$5:$I$16,9,FALSE),"") -> percentual | K12: Prematuridade; RN nasceu em apneia. | L12: Relatório cód. 2017 | M12: 46276 | N12: Coordenação da Maternidade | O12: Transcrito do documento | P12: =IF(B12="","",IF(OR(A12="",C12="",D12="",E12="",I12="",J12="",L12="",M12="",N12="",O12=""),"INCOMPLETO","COMPLETO")) -> COMPLETO
A13: 46113 | B13: 2017 | C13: =IFERROR(VLOOKUP(B13,Referência!$A$5:$I$16,2,FALSE),"") -> Percentual de recém-nascidos com amamentação na primeira hora de vida | D13: Saúde suplementar | E13: Sem detalhamento | F13: 0.814 | G13: 48 | H13: 59 | I13: =IF(B13="","",IF(F13<>"",F13,IF(AND(G13<>"",H13<>""),IF(H13=0,"",G13/H13),""))) -> 0.814 | J13: =IFERROR(VLOOKUP(B13,Referência!$A$5:$I$16,9,FALSE),"") -> percentual | K13: Aquecimento e observação; desconforto respiratório agudo; prematuridade. | L13: Relatório cód. 2017 | M13: 46276 | N13: Coordenação da Maternidade | O13: Transcrito do documento | P13: =IF(B13="","",IF(OR(A13="",C13="",D13="",E13="",I13="",J13="",L13="",M13="",N13="",O13=""),"INCOMPLETO","COMPLETO")) -> COMPLETO
A14: 46143 | B14: 2017 | C14: =IFERROR(VLOOKUP(B14,Referência!$A$5:$I$16,2,FALSE),"") -> Percentual de recém-nascidos com amamentação na primeira hora de vida | D14: SUS | E14: Sem detalhamento | F14: 0.947 | G14: 89 | H14: 94 | I14: =IF(B14="","",IF(F14<>"",F14,IF(AND(G14<>"",H14<>""),IF(H14=0,"",G14/H14),""))) -> 0.947 | J14: =IFERROR(VLOOKUP(B14,Referência!$A$5:$I$16,9,FALSE),"") -> percentual | K14: Prematuridade; desconforto respiratório agudo; escolha materna. | L14: Relatório cód. 2017 | M14: 46276 | N14: Coordenação da Maternidade | O14: Transcrito do documento | P14: =IF(B14="","",IF(OR(A14="",C14="",D14="",E14="",I14="",J14="",L14="",M14="",N14="",O14=""),"INCOMPLETO","COMPLETO")) -> COMPLETO
A15: 46143 | B15: 2017 | C15: =IFERROR(VLOOKUP(B15,Referência!$A$5:$I$16,2,FALSE),"") -> Percentual de recém-nascidos com amamentação na primeira hora de vida | D15: Saúde suplementar | E15: Sem detalhamento | F15: 0.857 | G15: 60 | H15: 70 | I15: =IF(B15="","",IF(F15<>"",F15,IF(AND(G15<>"",H15<>""),IF(H15=0,"",G15/H15),""))) -> 0.857 | J15: =IFERROR(VLOOKUP(B15,Referência!$A$5:$I$16,9,FALSE),"") -> percentual | K15: Retenção placentária; desconforto respiratório agudo; HIV positivo; mãe após anestesia geral; prematuridade. | L15: Relatório cód. 2017 | M15: 46276 | N15: Coordenação da Maternidade | O15: Transcrito do documento | P15: =IF(B15="","",IF(OR(A15="",C15="",D15="",E15="",I15="",J15="",L15="",M15="",N15="",O15=""),"INCOMPLETO","COMPLETO")) -> COMPLETO
A16: 46174 | B16: 2017 | C16: =IFERROR(VLOOKUP(B16,Referência!$A$5:$I$16,2,FALSE),"") -> Percentual de recém-nascidos com amamentação na primeira hora de vida | D16: SUS | E16: Sem detalhamento | F16: 0.865 | G16: 90 | H16: 104 | I16: =IF(B16="","",IF(F16<>"",F16,IF(AND(G16<>"",H16<>""),IF(H16=0,"",G16/H16),""))) -> 0.865 | J16: =IFERROR(VLOOKUP(B16,Referência!$A$5:$I$16,9,FALSE),"") -> percentual | K16: Desconforto respiratório agudo; mãe sem sorologias e aguardando exames; hemorragia pós-parto; taquipneia transitória; CPAP. | L16: Relatório cód. 2017 | M16: 46276 | N16: Coordenação da Maternidade | O16: Transcrito do documento | P16: =IF(B16="","",IF(OR(A16="",C16="",D16="",E16="",I16="",J16="",L16="",M16="",N16="",O16=""),"INCOMPLETO","COMPLETO")) -> COMPLETO
A17: 46174 | B17: 2017 | C17: =IFERROR(VLOOKUP(B17,Referência!$A$5:$I$16,2,FALSE),"") -> Percentual de recém-nascidos com amamentação na primeira hora de vida | D17: Saúde suplementar | E17: Sem detalhamento | F17: 0.935 | G17: 58 | H17: 62 | I17: =IF(B17="","",IF(F17<>"",F17,IF(AND(G17<>"",H17<>""),IF(H17=0,"",G17/H17),""))) -> 0.935 | J17: =IFERROR(VLOOKUP(B17,Referência!$A$5:$I$16,9,FALSE),"") -> percentual | K17: Taquipneia transitória; hemorragia pós-parto; observação e aquecimento na UCI. | L17: Relatório cód. 2017 | M17: 46276 | N17: Coordenação da Maternidade | O17: Transcrito do documento | P17: =IF(B17="","",IF(OR(A17="",C17="",D17="",E17="",I17="",J17="",L17="",M17="",N17="",O17=""),"INCOMPLETO","COMPLETO")) -> COMPLETO
... A33: 46235 | B33: 2097 | C33: =IFERROR(VLOOKUP(B33,Referência!$A$5:$I$16,2,FALSE),"") -> Tempo médio de internação do RN de risco | D33: Saúde suplementar | E33: Sem detalhamento | F33: 7.3 | G33: 65.7 | H33: 9 | I33: =IF(B33="","",IF(F33<>"",F33,IF(AND(G33<>"",H33<>""),IF(H33=0,"",G33/H33),""))) -> 7.3 | J33: =IFERROR(VLOOKUP(B33,Referência!$A$5:$I$16,9,FALSE),"") -> dias | K33: 55 RN avaliados; 9 RN de risco (16,36%). | L33: Relatório cód. 2097 | M33: 46276 | N33: Coordenação da Maternidade | O33: Transcrito do documento | P33: =IF(B33="","",IF(OR(A33="",C33="",D33="",E33="",I33="",J33="",L33="",M33="",N33="",O33=""),"INCOMPLETO","COMPLETO")) -> COMPLETO
A34: 46082 | B34: CRITERIOS_RN_RISCO | C34: =IFERROR(VLOOKUP(B34,Referência!$A$5:$I$16,2,FALSE),"") -> Critérios identificados nos RN classificados como de risco | D34: SUS | E34: Má formação congênita | F34: 0 | I34: =IF(B34="","",IF(F34<>"",F34,IF(AND(G34<>"",H34<>""),IF(H34=0,"",G34/H34),""))) -> 0 | J34: =IFERROR(VLOOKUP(B34,Referência!$A$5:$I$16,9,FALSE),"") -> quantidade | K34: Um mesmo RN pode apresentar mais de um critério. | L34: Relatório analítico de critérios de risco dos RN | M34: 46276 | N34: Coordenação da Maternidade | O34: Transcrito do documento | P34: =IF(B34="","",IF(OR(A34="",C34="",D34="",E34="",I34="",J34="",L34="",M34="",N34="",O34=""),"INCOMPLETO","COMPLETO")) -> COMPLETO
A35: 46082 | B35: CRITERIOS_RN_RISCO | C35: =IFERROR(VLOOKUP(B35,Referência!$A$5:$I$16,2,FALSE),"") -> Critérios identificados nos RN classificados como de risco | D35: SUS | E35: Prematuridade abaixo de 37 semanas de idade gestacional | F35: 8 | I35: =IF(B35="","",IF(F35<>"",F35,IF(AND(G35<>"",H35<>""),IF(H35=0,"",G35/H35),""))) -> 8 | J35: =IFERROR(VLOOKUP(B35,Referência!$A$5:$I$16,9,FALSE),"") -> quantidade | K35: Um mesmo RN pode apresentar mais de um critério. | L35: Relatório analítico de critérios de risco dos RN | M35: 46276 | N35: Coordenação da Maternidade | O35: Transcrito do documento | P35: =IF(B35="","",IF(OR(A35="",C35="",D35="",E35="",I35="",J35="",L35="",M35="",N35="",O35=""),"INCOMPLETO","COMPLETO")) -> COMPLETO
A36: 46082 | B36: CRITERIOS_RN_RISCO | C36: =IFERROR(VLOOKUP(B36,Referência!$A$5:$I$16,2,FALSE),"") -> Critérios identificados nos RN classificados como de risco | D36: SUS | E36: Icterícia em nível de exsanguineotransfusão | F36: 1 | I36: =IF(B36="","",IF(F36<>"",F36,IF(AND(G36<>"",H36<>""),IF(H36=0,"",G36/H36),""))) -> 1 | J36: =IFERROR(VLOOKUP(B36,Referência!$A$5:$I$16,9,FALSE),"") -> quantidade | K36: Um mesmo RN pode apresentar mais de um critério. | L36: Relatório analítico de critérios de risco dos RN | M36: 46276 | N36: Coordenação da Maternidade | O36: Transcrito do documento | P36: =IF(B36="","",IF(OR(A36="",C36="",D36="",E36="",I36="",J36="",L36="",M36="",N36="",O36=""),"INCOMPLETO","COMPLETO")) -> COMPLETO
A37: 46082 | B37: CRITERIOS_RN_RISCO | C37: =IFERROR(VLOOKUP(B37,Referência!$A$5:$I$16,2,FALSE),"") -> Critérios identificados nos RN classificados como de risco | D37: SUS | E37: Sepse ou sorologias maternas alteradas | F37: 3 | I37: =IF(B37="","",IF(F37<>"",F37,IF(AND(G37<>"",H37<>""),IF(H37=0,"",G37/H37),""))) -> 3 | J37: =IFERROR(VLOOKUP(B37,Referência!$A$5:$I$16,9,FALSE),"") -> quantidade | K37: Um mesmo RN pode apresentar mais de um critério. | L37: Relatório analítico de critérios de risco dos RN | M37: 46276 | N37: Coordenação da Maternidade | O37: Transcrito do documento | P37: =IF(B37="","",IF(OR(A37="",C37="",D37="",E37="",I37="",J37="",L37="",M37="",N37="",O37=""),"INCOMPLETO","COMPLETO")) -> COMPLETO
A38: 46082 | B38: CRITERIOS_RN_RISCO | C38: =IFERROR(VLOOKUP(B38,Referência!$A$5:$I$16,2,FALSE),"") -> Critérios identificados nos RN classificados como de risco | D38: SUS | E38: Desconforto respiratório | F38: 5 | I38: =IF(B38="","",IF(F38<>"",F38,IF(AND(G38<>"",H38<>""),IF(H38=0,"",G38/H38),""))) -> 5 | J38: =IFERROR(VLOOKUP(B38,Referência!$A$5:$I$16,9,FALSE),"") -> quantidade | K38: Um mesmo RN pode apresentar mais de um critério. | L38: Relatório analítico de critérios de risco dos RN | M38: 46276 | N38: Coordenação da Maternidade | O38: Transcrito do documento | P38: =IF(B38="","",IF(OR(A38="",C38="",D38="",E38="",I38="",J38="",L38="",M38="",N38="",O38=""),"INCOMPLETO","COMPLETO")) -> COMPLETO
A39: 46082 | B39: CRITERIOS_RN_RISCO | C39: =IFERROR(VLOOKUP(B39,Referência!$A$5:$I$16,2,FALSE),"") -> Critérios identificados nos RN classificados como de risco | D39: SUS | E39: Baixo peso ao nascer, PIG ou GIG | F39: 3 | I39: =IF(B39="","",IF(F39<>"",F39,IF(AND(G39<>"",H39<>""),IF(H39=0,"",G39/H39),""))) -> 3 | J39: =IFERROR(VLOOKUP(B39,Referência!$A$5:$I$16,9,FALSE),"") -> quantidade | K39: Um mesmo RN pode apresentar mais de um critério. | L39: Relatório analítico de critérios de risco dos RN | M39: 46276 | N39: Coordenação da Maternidade | O39: Transcrito do documento | P39: =IF(B39="","",IF(OR(A39="",C39="",D39="",E39="",I39="",J39="",L39="",M39="",N39="",O39=""),"INCOMPLETO","COMPLETO")) -> COMPLETO
A40: 46082 | B40: CRITERIOS_RN_RISCO | C40: =IFERROR(VLOOKUP(B40,Referência!$A$5:$I$16,2,FALSE),"") -> Critérios identificados nos RN classificados como de risco | D40: SUS | E40: Sofrimento fetal agudo | F40: 2 | I40: =IF(B40="","",IF(F40<>"",F40,IF(AND(G40<>"",H40<>""),IF(H40=0,"",G40/H40),""))) -> 2 | J40: =IFERROR(VLOOKUP(B40,Referência!$A$5:$I$16,9,FALSE),"") -> quantidade | K40: Um mesmo RN pode apresentar mais de um critério. | L40: Relatório analítico de critérios de risco dos RN | M40: 46276 | N40: Coordenação da Maternidade | O40: Transcrito do documento | P40: =IF(B40="","",IF(OR(A40="",C40="",D40="",E40="",I40="",J40="",L40="",M40="",N40="",O40=""),"INCOMPLETO","COMPLETO")) -> COMPLETO
A41: 46082 | B41: CRITERIOS_RN_RISCO | C41: =IFERROR(VLOOKUP(B41,Referência!$A$5:$I$16,2,FALSE),"") -> Critérios identificados nos RN classificados como de risco | D41: SUS | E41: Filho de mãe usuária de drogas | F41: 0 | I41: =IF(B41="","",IF(F41<>"",F41,IF(AND(G41<>"",H41<>""),IF(H41=0,"",G41/H41),""))) -> 0 | J41: =IFERROR(VLOOKUP(B41,Referência!$A$5:$I$16,9,FALSE),"") -> quantidade | K41: Um mesmo RN pode apresentar mais de um critério. | L41: Relatório analítico de critérios de risco dos RN | M41: 46276 | N41: Coordenação da Maternidade | O41: Transcrito do documento | P41: =IF(B41="","",IF(OR(A41="",C41="",D41="",E41="",I41="",J41="",L41="",M41="",N41="",O41=""),"INCOMPLETO","COMPLETO")) -> COMPLETO
A42: 46082 | B42: CRITERIOS_RN_RISCO | C42: =IFERROR(VLOOKUP(B42,Referência!$A$5:$I$16,2,FALSE),"") -> Critérios identificados nos RN classificados como de risco | D42: Saúde suplementar | E42: Má formação congênita | F42: 3 | I42: =IF(B42="","",IF(F42<>"",F42,IF(AND(G42<>"",H42<>""),IF(H42=0,"",G42/H42),""))) -> 3 | J42: =IFERROR(VLOOKUP(B42,Referência!$A$5:$I$16,9,FALSE),"") -> quantidade | K42: Um mesmo RN pode apresentar mais de um critério. | L42: Relatório analítico de critérios de risco dos RN | M42: 46276 | N42: Coordenação da Maternidade | O42: Transcrito do documento | P42: =IF(B42="","",IF(OR(A42="",C42="",D42="",E42="",I42="",J42="",L42="",M42="",N42="",O42=""),"INCOMPLETO","COMPLETO")) -> COMPLETO
A43: 46082 | B43: CRITERIOS_RN_RISCO | C43: =IFERROR(VLOOKUP(B43,Referência!$A$5:$I$16,2,FALSE),"") -> Critérios identificados nos RN classificados como de risco | D43: Saúde suplementar | E43: Prematuridade abaixo de 37 semanas de idade gestacional | F43: 10 | I43: =IF(B43="","",IF(F43<>"",F43,IF(AND(G43<>"",H43<>""),IF(H43=0,"",G43/H43),""))) -> 10 | J43: =IFERROR(VLOOKUP(B43,Referência!$A$5:$I$16,9,FALSE),"") -> quantidade | K43: Um mesmo RN pode apresentar mais de um critério. | L43: Relatório analítico de critérios de risco dos RN | M43: 46276 | N43: Coordenação da Maternidade | O43: Transcrito do documento | P43: =IF(B43="","",IF(OR(A43="",C43="",D43="",E43="",I43="",J43="",L43="",M43="",N43="",O43=""),"INCOMPLETO","COMPLETO")) -> COMPLETO
A44: 46082 | B44: CRITERIOS_RN_RISCO | C44: =IFERROR(VLOOKUP(B44,Referência!$A$5:$I$16,2,FALSE),"") -> Critérios identificados nos RN classificados como de risco | D44: Saúde suplementar | E44: Icterícia em nível de exsanguineotransfusão | F44: 1 | I44: =IF(B44="","",IF(F44<>"",F44,IF(AND(G44<>"",H44<>""),IF(H44=0,"",G44/H44),""))) -> 1 | J44: =IFERROR(VLOOKUP(B44,Referência!$A$5:$I$16,9,FALSE),"") -> quantidade | K44: Um mesmo RN pode apresentar mais de um critério. | L44: Relatório analítico de critérios de risco dos RN | M44: 46276 | N44: Coordenação da Maternidade | O44: Transcrito do documento | P44: =IF(B44="","",IF(OR(A44="",C44="",D44="",E44="",I44="",J44="",L44="",M44="",N44="",O44=""),"INCOMPLETO","COMPLETO")) -> COMPLETO
A45: 46082 | B45: CRITERIOS_RN_RISCO | C45: =IFERROR(VLOOKUP(B45,Referência!$A$5:$I$16,2,FALSE),"") -> Critérios identificados nos RN classificados como de risco | D45: Saúde suplementar | E45: Sepse ou sorologias maternas alteradas | F45: 0 | I45: =IF(B45="","",IF(F45<>"",F45,IF(AND(G45<>"",H45<>""),IF(H45=0,"",G45/H45),""))) -> 0 | J45: =IFERROR(VLOOKUP(B45,Referência!$A$5:$I$16,9,FALSE),"") -> quantidade | K45: Um mesmo RN pode apresentar mais de um critério. | L45: Relatório analítico de critérios de risco dos RN | M45: 46276 | N45: Coordenação da Maternidade | O45: Transcrito do documento | P45: =IF(B45="","",IF(OR(A45="",C45="",D45="",E45="",I45="",J45="",L45="",M45="",N45="",O45=""),"INCOMPLETO","COMPLETO")) -> COMPLETO
... A129: 46235 | B129: CRITERIOS_RN_RISCO | C129: =IFERROR(VLOOKUP(B129,Referência!$A$5:$I$16,2,FALSE),"") -> Critérios identificados nos RN classificados como de risco | D129: Saúde suplementar | E129: Filho de mãe usuária de drogas | F129: 1 | I129: =IF(B129="","",IF(F129<>"",F129,IF(AND(G129<>"",H129<>""),IF(H129=0,"",G129/H129),""))) -> 1 | J129: =IFERROR(VLOOKUP(B129,Referência!$A$5:$I$16,9,FALSE),"") -> quantidade | K129: Um mesmo RN pode apresentar mais de um critério. | L129: Relatório analítico de critérios de risco dos RN | M129: 46276 | N129: Coordenação da Maternidade | O129: Transcrito do documento | P129: =IF(B129="","",IF(OR(A129="",C129="",D129="",E129="",I129="",J129="",L129="",M129="",N129="",O129=""),"INCOMPLETO","COMPLETO")) -> COMPLETO
A130: 46113 | B130: 2103 | C130: =IFERROR(VLOOKUP(B130,Referência!$A$5:$I$16,2,FALSE),"") -> Proporção de recém-nascidos de risco encaminhados ao PIPA | D130: SUS | E130: Sem detalhamento | F130: 0.28 | G130: 5 | H130: 18 | I130: =IF(B130="","",IF(F130<>"",F130,IF(AND(G130<>"",H130<>""),IF(H130=0,"",G130/H130),""))) -> 0.28 | J130: =IFERROR(VLOOKUP(B130,Referência!$A$5:$I$16,9,FALSE),"") -> percentual | K130: Prematuridade e UTI neonatal; VDRL positivo; asfixia perinatal; baixo peso ao nascer. | L130: Relatório cód. 2103 | M130: 46276 | N130: Coordenação da Maternidade | O130: Transcrito do documento | P130: =IF(B130="","",IF(OR(A130="",C130="",D130="",E130="",I130="",J130="",L130="",M130="",N130="",O130=""),"INCOMPLETO","COMPLETO")) -> COMPLETO
A131: 46113 | B131: 2103 | C131: =IFERROR(VLOOKUP(B131,Referência!$A$5:$I$16,2,FALSE),"") -> Proporção de recém-nascidos de risco encaminhados ao PIPA | D131: Saúde suplementar | E131: Sem detalhamento | F131: 0.27 | G131: 3 | H131: 11 | I131: =IF(B131="","",IF(F131<>"",F131,IF(AND(G131<>"",H131<>""),IF(H131=0,"",G131/H131),""))) -> 0.27 | J131: =IFERROR(VLOOKUP(B131,Referência!$A$5:$I$16,9,FALSE),"") -> percentual | K131: Prematuridade e UTI neonatal. | L131: Relatório cód. 2103 | M131: 46276 | N131: Coordenação da Maternidade | O131: Transcrito do documento | P131: =IF(B131="","",IF(OR(A131="",C131="",D131="",E131="",I131="",J131="",L131="",M131="",N131="",O131=""),"INCOMPLETO","COMPLETO")) -> COMPLETO
A132: 46143 | B132: 2103 | C132: =IFERROR(VLOOKUP(B132,Referência!$A$5:$I$16,2,FALSE),"") -> Proporção de recém-nascidos de risco encaminhados ao PIPA | D132: SUS | E132: Sem detalhamento | F132: 0.28 | G132: 5 | H132: 18 | I132: =IF(B132="","",IF(F132<>"",F132,IF(AND(G132<>"",H132<>""),IF(H132=0,"",G132/H132),""))) -> 0.28 | J132: =IFERROR(VLOOKUP(B132,Referência!$A$5:$I$16,9,FALSE),"") -> percentual | K132: Uso materno de drogas ilícitas; RN PIG; VDRL positivo; desconforto respiratório; prematuridade e UTI neonatal; asfixia perinatal. | L132: Relatório cód. 2103 | M132: 46276 | N132: Coordenação da Maternidade | O132: Transcrito do documento | P132: =IF(B132="","",IF(OR(A132="",C132="",D132="",E132="",I132="",J132="",L132="",M132="",N132="",O132=""),"INCOMPLETO","COMPLETO")) -> COMPLETO
A133: 46143 | B133: 2103 | C133: =IFERROR(VLOOKUP(B133,Referência!$A$5:$I$16,2,FALSE),"") -> Proporção de recém-nascidos de risco encaminhados ao PIPA | D133: Saúde suplementar | E133: Sem detalhamento | F133: 0.43 | G133: 7 | H133: 16 | I133: =IF(B133="","",IF(F133<>"",F133,IF(AND(G133<>"",H133<>""),IF(H133=0,"",G133/H133),""))) -> 0.43 | J133: =IFERROR(VLOOKUP(B133,Referência!$A$5:$I$16,9,FALSE),"") -> percentual | K133: Prematuridade e UTI neonatal; RN PIG; VDRL positivo. | L133: Relatório cód. 2103 | M133: 46276 | N133: Coordenação da Maternidade | O133: Transcrito do documento | P133: =IF(B133="","",IF(OR(A133="",C133="",D133="",E133="",I133="",J133="",L133="",M133="",N133="",O133=""),"INCOMPLETO","COMPLETO")) -> COMPLETO
A134: 46174 | B134: 2103 | C134: =IFERROR(VLOOKUP(B134,Referência!$A$5:$I$16,2,FALSE),"") -> Proporção de recém-nascidos de risco encaminhados ao PIPA | D134: SUS | E134: Sem detalhamento | F134: 0.23 | G134: 4 | H134: 17 | I134: =IF(B134="","",IF(F134<>"",F134,IF(AND(G134<>"",H134<>""),IF(H134=0,"",G134/H134),""))) -> 0.23 | J134: =IFERROR(VLOOKUP(B134,Referência!$A$5:$I$16,9,FALSE),"") -> percentual | K134: Prematuridade; baixo peso; doença da membrana hialina; alterações neurológicas; suspeita de trissomia 21; RN GIG; toxoplasmose materna. | L134: Relatório cód. 2103 | M134: 46276 | N134: Coordenação da Maternidade | O134: Transcrito do documento | P134: =IF(B134="","",IF(OR(A134="",C134="",D134="",E134="",I134="",J134="",L134="",M134="",N134="",O134=""),"INCOMPLETO","COMPLETO")) -> COMPLETO
A135: 46174 | B135: 2103 | C135: =IFERROR(VLOOKUP(B135,Referência!$A$5:$I$16,2,FALSE),"") -> Proporção de recém-nascidos de risco encaminhados ao PIPA | D135: Saúde suplementar | E135: Sem detalhamento | F135: 0.3 | G135: 3 | H135: 10 | I135: =IF(B135="","",IF(F135<>"",F135,IF(AND(G135<>"",H135<>""),IF(H135=0,"",G135/H135),""))) -> 0.3 | J135: =IFERROR(VLOOKUP(B135,Referência!$A$5:$I$16,9,FALSE),"") -> percentual | K135: RN GIG; baixo peso e prematuridade; taquipneia transitória; crise convulsiva. | L135: Relatório cód. 2103 | M135: 46276 | N135: Coordenação da Maternidade | O135: Transcrito do documento | P135: =IF(B135="","",IF(OR(A135="",C135="",D135="",E135="",I135="",J135="",L135="",M135="",N135="",O135=""),"INCOMPLETO","COMPLETO")) -> COMPLETO
A136: 46204 | B136: 2103 | C136: =IFERROR(VLOOKUP(B136,Referência!$A$5:$I$16,2,FALSE),"") -> Proporção de recém-nascidos de risco encaminhados ao PIPA | D136: SUS | E136: Sem detalhamento | F136: 0.215 | G136: 3 | H136: 14 | I136: =IF(B136="","",IF(F136<>"",F136,IF(AND(G136<>"",H136<>""),IF(H136=0,"",G136/H136),""))) -> 0.215 | J136: =IFERROR(VLOOKUP(B136,Referência!$A$5:$I$16,9,FALSE),"") -> percentual | K136: Prematuridade; sofrimento fetal agudo; desconforto respiratório. | L136: Relatório cód. 2103 | M136: 46276 | N136: Coordenação da Maternidade | O136: Transcrito do documento | P136: =IF(B136="","",IF(OR(A136="",C136="",D136="",E136="",I136="",J136="",L136="",M136="",N136="",O136=""),"INCOMPLETO","COMPLETO")) -> COMPLETO
A137: 46204 | B137: 2103 | C137: =IFERROR(VLOOKUP(B137,Referência!$A$5:$I$16,2,FALSE),"") -> Proporção de recém-nascidos de risco encaminhados ao PIPA | D137: Saúde suplementar | E137: Sem detalhamento | F137: 0.2 | G137: 2 | H137: 10 | I137: =IF(B137="","",IF(F137<>"",F137,IF(AND(G137<>"",H137<>""),IF(H137=0,"",G137/H137),""))) -> 0.2 | J137: =IFERROR(VLOOKUP(B137,Referência!$A$5:$I$16,9,FALSE),"") -> percentual | K137: Prematuridade; taquipneia transitória. | L137: Relatório cód. 2103 | M137: 46276 | N137: Coordenação da Maternidade | O137: Transcrito do documento | P137: =IF(B137="","",IF(OR(A137="",C137="",D137="",E137="",I137="",J137="",L137="",M137="",N137="",O137=""),"INCOMPLETO","COMPLETO")) -> COMPLETO
A138: 46235 | B138: 2103 | C138: =IFERROR(VLOOKUP(B138,Referência!$A$5:$I$16,2,FALSE),"") -> Proporção de recém-nascidos de risco encaminhados ao PIPA | D138: SUS | E138: Sem detalhamento | F138: 0.4 | G138: 8 | H138: 20 | I138: =IF(B138="","",IF(F138<>"",F138,IF(AND(G138<>"",H138<>""),IF(H138=0,"",G138/H138),""))) -> 0.4 | J138: =IFERROR(VLOOKUP(B138,Referência!$A$5:$I$16,9,FALSE),"") -> percentual | K138: Baixo peso ao nascer; desconforto respiratório agudo. | L138: Relatório cód. 2103 | M138: 46276 | N138: Coordenação da Maternidade | O138: Transcrito do documento | P138: =IF(B138="","",IF(OR(A138="",C138="",D138="",E138="",I138="",J138="",L138="",M138="",N138="",O138=""),"INCOMPLETO","COMPLETO")) -> COMPLETO
A139: 46235 | B139: 2103 | C139: =IFERROR(VLOOKUP(B139,Referência!$A$5:$I$16,2,FALSE),"") -> Proporção de recém-nascidos de risco encaminhados ao PIPA | D139: Saúde suplementar | E139: Sem detalhamento | F139: 0.22 | G139: 2 | H139: 9 | I139: =IF(B139="","",IF(F139<>"",F139,IF(AND(G139<>"",H139<>""),IF(H139=0,"",G139/H139),""))) -> 0.22 | J139: =IFERROR(VLOOKUP(B139,Referência!$A$5:$I$16,9,FALSE),"") -> percentual | K139: Desconforto respiratório; exames maternos alterados. | L139: Relatório cód. 2103 | M139: 46276 | N139: Coordenação da Maternidade | O139: Transcrito do documento | P139: =IF(B139="","",IF(OR(A139="",C139="",D139="",E139="",I139="",J139="",L139="",M139="",N139="",O139=""),"INCOMPLETO","COMPLETO")) -> COMPLETO
A140: 46023 | B140: 2015 | C140: =IFERROR(VLOOKUP(B140,Referência!$A$5:$I$16,2,FALSE),"") -> Taxa de aplicação do instrumento ACCR | D140: SUS | E140: Sem detalhamento | F140: 0.918 | G140: 828 | H140: 902 | I140: =IF(B140="","",IF(F140<>"",F140,IF(AND(G140<>"",H140<>""),IF(H140=0,"",G140/H140),""))) -> 0.918 | J140: =IFERROR(VLOOKUP(B140,Referência!$A$5:$I$16,9,FALSE),"") -> percentual | L140: Relatório cód. 2015 | M140: 46276 | N140: Coordenação da Maternidade | O140: Transcrito do documento | P140: =IF(B140="","",IF(OR(A140="",C140="",D140="",E140="",I140="",J140="",L140="",M140="",N140="",O140=""),"INCOMPLETO","COMPLETO")) -> COMPLETO
A141: 46023 | B141: 2015 | C141: =IFERROR(VLOOKUP(B141,Referência!$A$5:$I$16,2,FALSE),"") -> Taxa de aplicação do instrumento ACCR | D141: Saúde suplementar | E141: Sem detalhamento | F141: 0.904 | G141: 612 | H141: 677 | I141: =IF(B141="","",IF(F141<>"",F141,IF(AND(G141<>"",H141<>""),IF(H141=0,"",G141/H141),""))) -> 0.904 | J141: =IFERROR(VLOOKUP(B141,Referência!$A$5:$I$16,9,FALSE),"") -> percentual | L141: Relatório cód. 2015 | M141: 46276 | N141: Coordenação da Maternidade | O141: Transcrito do documento | P141: =IF(B141="","",IF(OR(A141="",C141="",D141="",E141="",I141="",J141="",L141="",M141="",N141="",O141=""),"INCOMPLETO","COMPLETO")) -> COMPLETO
A142: 46054 | B142: 2015 | C142: =IFERROR(VLOOKUP(B142,Referência!$A$5:$I$16,2,FALSE),"") -> Taxa de aplicação do instrumento ACCR | D142: SUS | E142: Sem detalhamento | F142: 0.908 | G142: 849 | H142: 935 | I142: =IF(B142="","",IF(F142<>"",F142,IF(AND(G142<>"",H142<>""),IF(H142=0,"",G142/H142),""))) -> 0.908 | J142: =IFERROR(VLOOKUP(B142,Referência!$A$5:$I$16,9,FALSE),"") -> percentual | L142: Relatório cód. 2015 | M142: 46276 | N142: Coordenação da Maternidade | O142: Transcrito do documento | P142: =IF(B142="","",IF(OR(A142="",C142="",D142="",E142="",I142="",J142="",L142="",M142="",N142="",O142=""),"INCOMPLETO","COMPLETO")) -> COMPLETO
A143: 46054 | B143: 2015 | C143: =IFERROR(VLOOKUP(B143,Referência!$A$5:$I$16,2,FALSE),"") -> Taxa de aplicação do instrumento ACCR | D143: Saúde suplementar | E143: Sem detalhamento | F143: 0.936 | G143: 658 | H143: 703 | I143: =IF(B143="","",IF(F143<>"",F143,IF(AND(G143<>"",H143<>""),IF(H143=0,"",G143/H143),""))) -> 0.936 | J143: =IFERROR(VLOOKUP(B143,Referência!$A$5:$I$16,9,FALSE),"") -> percentual | L143: Relatório cód. 2015 | M143: 46276 | N143: Coordenação da Maternidade | O143: Transcrito do documento | P143: =IF(B143="","",IF(OR(A143="",C143="",D143="",E143="",I143="",J143="",L143="",M143="",N143="",O143=""),"INCOMPLETO","COMPLETO")) -> COMPLETO
A144: 46082 | B144: 2015 | C144: =IFERROR(VLOOKUP(B144,Referência!$A$5:$I$16,2,FALSE),"") -> Taxa de aplicação do instrumento ACCR | D144: SUS | E144: Sem detalhamento | F144: 0.903 | G144: 819 | H144: 907 | I144: =IF(B144="","",IF(F144<>"",F144,IF(AND(G144<>"",H144<>""),IF(H144=0,"",G144/H144),""))) -> 0.903 | J144: =IFERROR(VLOOKUP(B144,Referência!$A$5:$I$16,9,FALSE),"") -> percentual | L144: Relatório cód. 2015 | M144: 46276 | N144: Coordenação da Maternidade | O144: Transcrito do documento | P144: =IF(B144="","",IF(OR(A144="",C144="",D144="",E144="",I144="",J144="",L144="",M144="",N144="",O144=""),"INCOMPLETO","COMPLETO")) -> COMPLETO
A145: 46082 | B145: 2015 | C145: =IFERROR(VLOOKUP(B145,Referência!$A$5:$I$16,2,FALSE),"") -> Taxa de aplicação do instrumento ACCR | D145: Saúde suplementar | E145: Sem detalhamento | F145: 0.899 | G145: 623 | H145: 693 | I145: =IF(B145="","",IF(F145<>"",F145,IF(AND(G145<>"",H145<>""),IF(H145=0,"",G145/H145),""))) -> 0.899 | J145: =IFERROR(VLOOKUP(B145,Referência!$A$5:$I$16,9,FALSE),"") -> percentual | L145: Relatório cód. 2015 | M145: 46276 | N145: Coordenação da Maternidade | O145: Transcrito do documento | P145: =IF(B145="","",IF(OR(A145="",C145="",D145="",E145="",I145="",J145="",L145="",M145="",N145="",O145=""),"INCOMPLETO","COMPLETO")) -> COMPLETO
A146: 46113 | B146: 2015 | C146: =IFERROR(VLOOKUP(B146,Referência!$A$5:$I$16,2,FALSE),"") -> Taxa de aplicação do instrumento ACCR | D146: SUS | E146: Sem detalhamento | F146: 0.962 | G146: 912 | H146: 948 | I146: =IF(B146="","",IF(F146<>"",F146,IF(AND(G146<>"",H146<>""),IF(H146=0,"",G146/H146),""))) -> 0.962 | J146: =IFERROR(VLOOKUP(B146,Referência!$A$5:$I$16,9,FALSE),"") -> percentual | L146: Relatório cód. 2015 | M146: 46276 | N146: Coordenação da Maternidade | O146: Transcrito do documento | P146: =IF(B146="","",IF(OR(A146="",C146="",D146="",E146="",I146="",J146="",L146="",M146="",N146="",O146=""),"INCOMPLETO","COMPLETO")) -> COMPLETO
A147: 46113 | B147: 2015 | C147: =IFERROR(VLOOKUP(B147,Referência!$A$5:$I$16,2,FALSE),"") -> Taxa de aplicação do instrumento ACCR | D147: Saúde suplementar | E147: Sem detalhamento | F147: 0.942 | G147: 682 | H147: 724 | I147: =IF(B147="","",IF(F147<>"",F147,IF(AND(G147<>"",H147<>""),IF(H147=0,"",G147/H147),""))) -> 0.942 | J147: =IFERROR(VLOOKUP(B147,Referência!$A$5:$I$16,9,FALSE),"") -> percentual | L147: Relatório cód. 2015 | M147: 46276 | N147: Coordenação da Maternidade | O147: Transcrito do documento | P147: =IF(B147="","",IF(OR(A147="",C147="",D147="",E147="",I147="",J147="",L147="",M147="",N147="",O147=""),"INCOMPLETO","COMPLETO")) -> COMPLETO
A148: 46143 | B148: 2015 | C148: =IFERROR(VLOOKUP(B148,Referência!$A$5:$I$16,2,FALSE),"") -> Taxa de aplicação do instrumento ACCR | D148: SUS | E148: Sem detalhamento | F148: 0.951 | G148: 893 | H148: 939 | I148: =IF(B148="","",IF(F148<>"",F148,IF(AND(G148<>"",H148<>""),IF(H148=0,"",G148/H148),""))) -> 0.951 | J148: =IFERROR(VLOOKUP(B148,Referência!$A$5:$I$16,9,FALSE),"") -> percentual | L148: Relatório cód. 2015 | M148: 46276 | N148: Coordenação da Maternidade | O148: Transcrito do documento | P148: =IF(B148="","",IF(OR(A148="",C148="",D148="",E148="",I148="",J148="",L148="",M148="",N148="",O148=""),"INCOMPLETO","COMPLETO")) -> COMPLETO
A149: 46143 | B149: 2015 | C149: =IFERROR(VLOOKUP(B149,Referência!$A$5:$I$16,2,FALSE),"") -> Taxa de aplicação do instrumento ACCR | D149: Saúde suplementar | E149: Sem detalhamento | F149: 0.888 | G149: 634 | H149: 714 | I149: =IF(B149="","",IF(F149<>"",F149,IF(AND(G149<>"",H149<>""),IF(H149=0,"",G149/H149),""))) -> 0.888 | J149: =IFERROR(VLOOKUP(B149,Referência!$A$5:$I$16,9,FALSE),"") -> percentual | L149: Relatório cód. 2015 | M149: 46276 | N149: Coordenação da Maternidade | O149: Transcrito do documento | P149: =IF(B149="","",IF(OR(A149="",C149="",D149="",E149="",I149="",J149="",L149="",M149="",N149="",O149=""),"INCOMPLETO","COMPLETO")) -> COMPLETO
A150: 46174 | B150: 2015 | C150: =IFERROR(VLOOKUP(B150,Referência!$A$5:$I$16,2,FALSE),"") -> Taxa de aplicação do instrumento ACCR | D150: SUS | E150: Sem detalhamento | F150: 0.963 | G150: 936 | H150: 972 | I150: =IF(B150="","",IF(F150<>"",F150,IF(AND(G150<>"",H150<>""),IF(H150=0,"",G150/H150),""))) -> 0.963 | J150: =IFERROR(VLOOKUP(B150,Referência!$A$5:$I$16,9,FALSE),"") -> percentual | L150: Relatório cód. 2015 | M150: 46276 | N150: Coordenação da Maternidade | O150: Transcrito do documento | P150: =IF(B150="","",IF(OR(A150="",C150="",D150="",E150="",I150="",J150="",L150="",M150="",N150="",O150=""),"INCOMPLETO","COMPLETO")) -> COMPLETO
A151: 46174 | B151: 2015 | C151: =IFERROR(VLOOKUP(B151,Referência!$A$5:$I$16,2,FALSE),"") -> Taxa de aplicação do instrumento ACCR | D151: Saúde suplementar | E151: Sem detalhamento | F151: 0.95 | G151: 703 | H151: 740 | I151: =IF(B151="","",IF(F151<>"",F151,IF(AND(G151<>"",H151<>""),IF(H151=0,"",G151/H151),""))) -> 0.95 | J151: =IFERROR(VLOOKUP(B151,Referência!$A$5:$I$16,9,FALSE),"") -> percentual | L151: Relatório cód. 2015 | M151: 46276 | N151: Coordenação da Maternidade | O151: Transcrito do documento | P151: =IF(B151="","",IF(OR(A151="",C151="",D151="",E151="",I151="",J151="",L151="",M151="",N151="",O151=""),"INCOMPLETO","COMPLETO")) -> COMPLETO
... A156: 46023 | B156: 2014 | C156: =IFERROR(VLOOKUP(B156,Referência!$A$5:$I$16,2,FALSE),"") -> Taxa de aplicação da classificação de Robson | D156: SUS | E156: Sem detalhamento | F156: 0.95 | G156: 86 | H156: 91 | I156: =IF(B156="","",IF(F156<>"",F156,IF(AND(G156<>"",H156<>""),IF(H156=0,"",G156/H156),""))) -> 0.95 | J156: =IFERROR(VLOOKUP(B156,Referência!$A$5:$I$16,9,FALSE),"") -> percentual | L156: Relatório cód. 2014 | M156: 46276 | N156: Coordenação da Maternidade | O156: Transcrito do documento | P156: =IF(B156="","",IF(OR(A156="",C156="",D156="",E156="",I156="",J156="",L156="",M156="",N156="",O156=""),"INCOMPLETO","COMPLETO")) -> COMPLETO
A157: 46023 | B157: 2014 | C157: =IFERROR(VLOOKUP(B157,Referência!$A$5:$I$16,2,FALSE),"") -> Taxa de aplicação da classificação de Robson | D157: Saúde suplementar | E157: Sem detalhamento | F157: 0.19 | G157: 13 | H157: 67 | I157: =IF(B157="","",IF(F157<>"",F157,IF(AND(G157<>"",H157<>""),IF(H157=0,"",G157/H157),""))) -> 0.19 | J157: =IFERROR(VLOOKUP(B157,Referência!$A$5:$I$16,9,FALSE),"") -> percentual | K157: Aplicação da escala ainda não era padronizada para saúde suplementar. | L157: Relatório cód. 2014 | M157: 46276 | N157: Coordenação da Maternidade | O157: Transcrito do documento | P157: =IF(B157="","",IF(OR(A157="",C157="",D157="",E157="",I157="",J157="",L157="",M157="",N157="",O157=""),"INCOMPLETO","COMPLETO")) -> COMPLETO
A158: 46054 | B158: 2014 | C158: =IFERROR(VLOOKUP(B158,Referência!$A$5:$I$16,2,FALSE),"") -> Taxa de aplicação da classificação de Robson | D158: SUS | E158: Sem detalhamento | F158: 0.97 | G158: 65 | H158: 67 | I158: =IF(B158="","",IF(F158<>"",F158,IF(AND(G158<>"",H158<>""),IF(H158=0,"",G158/H158),""))) -> 0.97 | J158: =IFERROR(VLOOKUP(B158,Referência!$A$5:$I$16,9,FALSE),"") -> percentual | L158: Relatório cód. 2014 | M158: 46276 | N158: Coordenação da Maternidade | O158: Transcrito do documento | P158: =IF(B158="","",IF(OR(A158="",C158="",D158="",E158="",I158="",J158="",L158="",M158="",N158="",O158=""),"INCOMPLETO","COMPLETO")) -> COMPLETO
A159: 46054 | B159: 2014 | C159: =IFERROR(VLOOKUP(B159,Referência!$A$5:$I$16,2,FALSE),"") -> Taxa de aplicação da classificação de Robson | D159: Saúde suplementar | E159: Sem detalhamento | F159: 0.81 | G159: 55 | H159: 68 | I159: =IF(B159="","",IF(F159<>"",F159,IF(AND(G159<>"",H159<>""),IF(H159=0,"",G159/H159),""))) -> 0.81 | J159: =IFERROR(VLOOKUP(B159,Referência!$A$5:$I$16,9,FALSE),"") -> percentual | L159: Relatório cód. 2014 | M159: 46276 | N159: Coordenação da Maternidade | O159: Transcrito do documento | P159: =IF(B159="","",IF(OR(A159="",C159="",D159="",E159="",I159="",J159="",L159="",M159="",N159="",O159=""),"INCOMPLETO","COMPLETO")) -> COMPLETO
A160: 46082 | B160: 2014 | C160: =IFERROR(VLOOKUP(B160,Referência!$A$5:$I$16,2,FALSE),"") -> Taxa de aplicação da classificação de Robson | D160: SUS | E160: Sem detalhamento | F160: 0.95 | G160: 124 | H160: 130 | I160: =IF(B160="","",IF(F160<>"",F160,IF(AND(G160<>"",H160<>""),IF(H160=0,"",G160/H160),""))) -> 0.95 | J160: =IFERROR(VLOOKUP(B160,Referência!$A$5:$I$16,9,FALSE),"") -> percentual | L160: Relatório cód. 2014 | M160: 46276 | N160: Coordenação da Maternidade | O160: Transcrito do documento | P160: =IF(B160="","",IF(OR(A160="",C160="",D160="",E160="",I160="",J160="",L160="",M160="",N160="",O160=""),"INCOMPLETO","COMPLETO")) -> COMPLETO
A161: 46082 | B161: 2014 | C161: =IFERROR(VLOOKUP(B161,Referência!$A$5:$I$16,2,FALSE),"") -> Taxa de aplicação da classificação de Robson | D161: Saúde suplementar | E161: Sem detalhamento | F161: 0.45 | G161: 39 | H161: 86 | I161: =IF(B161="","",IF(F161<>"",F161,IF(AND(G161<>"",H161<>""),IF(H161=0,"",G161/H161),""))) -> 0.45 | J161: =IFERROR(VLOOKUP(B161,Referência!$A$5:$I$16,9,FALSE),"") -> percentual | K161: Rotatividade da equipe. | L161: Relatório cód. 2014 | M161: 46276 | N161: Coordenação da Maternidade | O161: Transcrito do documento | P161: =IF(B161="","",IF(OR(A161="",C161="",D161="",E161="",I161="",J161="",L161="",M161="",N161="",O161=""),"INCOMPLETO","COMPLETO")) -> COMPLETO
A162: 46113 | B162: 2014 | C162: =IFERROR(VLOOKUP(B162,Referência!$A$5:$I$16,2,FALSE),"") -> Taxa de aplicação da classificação de Robson | D162: SUS | E162: Sem detalhamento | F162: 0.98 | G162: 93 | H162: 95 | I162: =IF(B162="","",IF(F162<>"",F162,IF(AND(G162<>"",H162<>""),IF(H162=0,"",G162/H162),""))) -> 0.98 | J162: =IFERROR(VLOOKUP(B162,Referência!$A$5:$I$16,9,FALSE),"") -> percentual | L162: Relatório cód. 2014 | M162: 46276 | N162: Coordenação da Maternidade | O162: Transcrito do documento | P162: =IF(B162="","",IF(OR(A162="",C162="",D162="",E162="",I162="",J162="",L162="",M162="",N162="",O162=""),"INCOMPLETO","COMPLETO")) -> COMPLETO
A163: 46113 | B163: 2014 | C163: =IFERROR(VLOOKUP(B163,Referência!$A$5:$I$16,2,FALSE),"") -> Taxa de aplicação da classificação de Robson | D163: Saúde suplementar | E163: Sem detalhamento | F163: 0.87 | G163: 48 | H163: 55 | I163: =IF(B163="","",IF(F163<>"",F163,IF(AND(G163<>"",H163<>""),IF(H163=0,"",G163/H163),""))) -> 0.87 | J163: =IFERROR(VLOOKUP(B163,Referência!$A$5:$I$16,9,FALSE),"") -> percentual | L163: Relatório cód. 2014 | M163: 46276 | N163: Coordenação da Maternidade | O163: Transcrito do documento | P163: =IF(B163="","",IF(OR(A163="",C163="",D163="",E163="",I163="",J163="",L163="",M163="",N163="",O163=""),"INCOMPLETO","COMPLETO")) -> COMPLETO
A164: 46143 | B164: 2014 | C164: =IFERROR(VLOOKUP(B164,Referência!$A$5:$I$16,2,FALSE),"") -> Taxa de aplicação da classificação de Robson | D164: SUS | E164: Sem detalhamento | F164: 0.95 | G164: 83 | H164: 87 | I164: =IF(B164="","",IF(F164<>"",F164,IF(AND(G164<>"",H164<>""),IF(H164=0,"",G164/H164),""))) -> 0.95 | J164: =IFERROR(VLOOKUP(B164,Referência!$A$5:$I$16,9,FALSE),"") -> percentual | L164: Relatório cód. 2014 | M164: 46276 | N164: Coordenação da Maternidade | O164: Transcrito do documento | P164: =IF(B164="","",IF(OR(A164="",C164="",D164="",E164="",I164="",J164="",L164="",M164="",N164="",O164=""),"INCOMPLETO","COMPLETO")) -> COMPLETO
A165: 46143 | B165: 2014 | C165: =IFERROR(VLOOKUP(B165,Referência!$A$5:$I$16,2,FALSE),"") -> Taxa de aplicação da classificação de Robson | D165: Saúde suplementar | E165: Sem detalhamento | F165: 0.92 | G165: 67 | H165: 73 | I165: =IF(B165="","",IF(F165<>"",F165,IF(AND(G165<>"",H165<>""),IF(H165=0,"",G165/H165),""))) -> 0.92 | J165: =IFERROR(VLOOKUP(B165,Referência!$A$5:$I$16,9,FALSE),"") -> percentual | L165: Relatório cód. 2014 | M165: 46276 | N165: Coordenação da Maternidade | O165: Transcrito do documento | P165: =IF(B165="","",IF(OR(A165="",C165="",D165="",E165="",I165="",J165="",L165="",M165="",N165="",O165=""),"INCOMPLETO","COMPLETO")) -> COMPLETO
A166: 46174 | B166: 2014 | C166: =IFERROR(VLOOKUP(B166,Referência!$A$5:$I$16,2,FALSE),"") -> Taxa de aplicação da classificação de Robson | D166: SUS | E166: Sem detalhamento | F166: 0.93 | G166: 97 | H166: 104 | I166: =IF(B166="","",IF(F166<>"",F166,IF(AND(G166<>"",H166<>""),IF(H166=0,"",G166/H166),""))) -> 0.93 | J166: =IFERROR(VLOOKUP(B166,Referência!$A$5:$I$16,9,FALSE),"") -> percentual | L166: Relatório cód. 2014 | M166: 46276 | N166: Coordenação da Maternidade | O166: Transcrito do documento | P166: =IF(B166="","",IF(OR(A166="",C166="",D166="",E166="",I166="",J166="",L166="",M166="",N166="",O166=""),"INCOMPLETO","COMPLETO")) -> COMPLETO
A167: 46174 | B167: 2014 | C167: =IFERROR(VLOOKUP(B167,Referência!$A$5:$I$16,2,FALSE),"") -> Taxa de aplicação da classificação de Robson | D167: Saúde suplementar | E167: Sem detalhamento | F167: 0.92 | G167: 49 | H167: 53 | I167: =IF(B167="","",IF(F167<>"",F167,IF(AND(G167<>"",H167<>""),IF(H167=0,"",G167/H167),""))) -> 0.92 | J167: =IFERROR(VLOOKUP(B167,Referência!$A$5:$I$16,9,FALSE),"") -> percentual | L167: Relatório cód. 2014 | M167: 46276 | N167: Coordenação da Maternidade | O167: Transcrito do documento | P167: =IF(B167="","",IF(OR(A167="",C167="",D167="",E167="",I167="",J167="",L167="",M167="",N167="",O167=""),"INCOMPLETO","COMPLETO")) -> COMPLETO
A168: 46204 | B168: 2014 | C168: =IFERROR(VLOOKUP(B168,Referência!$A$5:$I$16,2,FALSE),"") -> Taxa de aplicação da classificação de Robson | D168: SUS | E168: Sem detalhamento | F168: 0.97 | G168: 83 | H168: 86 | I168: =IF(B168="","",IF(F168<>"",F168,IF(AND(G168<>"",H168<>""),IF(H168=0,"",G168/H168),""))) -> 0.97 | J168: =IFERROR(VLOOKUP(B168,Referência!$A$5:$I$16,9,FALSE),"") -> percentual | L168: Relatório cód. 2014 | M168: 46276 | N168: Coordenação da Maternidade | O168: Transcrito do documento | P168: =IF(B168="","",IF(OR(A168="",C168="",D168="",E168="",I168="",J168="",L168="",M168="",N168="",O168=""),"INCOMPLETO","COMPLETO")) -> COMPLETO
A169: 46204 | B169: 2014 | C169: =IFERROR(VLOOKUP(B169,Referência!$A$5:$I$16,2,FALSE),"") -> Taxa de aplicação da classificação de Robson | D169: Saúde suplementar | E169: Sem detalhamento | F169: 0.92 | G169: 56 | H169: 61 | I169: =IF(B169="","",IF(F169<>"",F169,IF(AND(G169<>"",H169<>""),IF(H169=0,"",G169/H169),""))) -> 0.92 | J169: =IFERROR(VLOOKUP(B169,Referência!$A$5:$I$16,9,FALSE),"") -> percentual | L169: Relatório cód. 2014 | M169: 46276 | N169: Coordenação da Maternidade | O169: Transcrito do documento | P169: =IF(B169="","",IF(OR(A169="",C169="",D169="",E169="",I169="",J169="",L169="",M169="",N169="",O169=""),"INCOMPLETO","COMPLETO")) -> COMPLETO
A170: 46235 | B170: 2014 | C170: =IFERROR(VLOOKUP(B170,Referência!$A$5:$I$16,2,FALSE),"") -> Taxa de aplicação da classificação de Robson | D170: SUS | E170: Sem detalhamento | F170: 0.96 | G170: 99 | H170: 103 | I170: =IF(B170="","",IF(F170<>"",F170,IF(AND(G170<>"",H170<>""),IF(H170=0,"",G170/H170),""))) -> 0.96 | J170: =IFERROR(VLOOKUP(B170,Referência!$A$5:$I$16,9,FALSE),"") -> percentual | L170: Relatório cód. 2014 | M170: 46276 | N170: Coordenação da Maternidade | O170: Transcrito do documento | P170: =IF(B170="","",IF(OR(A170="",C170="",D170="",E170="",I170="",J170="",L170="",M170="",N170="",O170=""),"INCOMPLETO","COMPLETO")) -> COMPLETO
A171: 46235 | B171: 2014 | C171: =IFERROR(VLOOKUP(B171,Referência!$A$5:$I$16,2,FALSE),"") -> Taxa de aplicação da classificação de Robson | D171: Saúde suplementar | E171: Sem detalhamento | F171: 0.81 | G171: 58 | H171: 72 | I171: =IF(B171="","",IF(F171<>"",F171,IF(AND(G171<>"",H171<>""),IF(H171=0,"",G171/H171),""))) -> 0.81 | J171: =IFERROR(VLOOKUP(B171,Referência!$A$5:$I$16,9,FALSE),"") -> percentual | L171: Relatório cód. 2014 | M171: 46276 | N171: Coordenação da Maternidade | O171: Transcrito do documento | P171: =IF(B171="","",IF(OR(A171="",C171="",D171="",E171="",I171="",J171="",L171="",M171="",N171="",O171=""),"INCOMPLETO","COMPLETO")) -> COMPLETO
A172: 46023 | B172: CRI_MENOR_5 | C172: =IFERROR(VLOOKUP(B172,Referência!$A$5:$I$16,2,FALSE),"") -> Crianças menores de 5 anos internadas | D172: Geral | E172: Residentes de Divinópolis | F172: 61 | I172: =IF(B172="","",IF(F172<>"",F172,IF(AND(G172<>"",H172<>""),IF(H172=0,"",G172/H172),""))) -> 61 | J172: =IFERROR(VLOOKUP(B172,Referência!$A$5:$I$16,9,FALSE),"") -> quantidade | L172: Relatório Soul por faixa etária | M172: 46276 | N172: Coordenação Assistencial | O172: Transcrito do documento | P172: =IF(B172="","",IF(OR(A172="",C172="",D172="",E172="",I172="",J172="",L172="",M172="",N172="",O172=""),"INCOMPLETO","COMPLETO")) -> COMPLETO
A173: 46054 | B173: CRI_MENOR_5 | C173: =IFERROR(VLOOKUP(B173,Referência!$A$5:$I$16,2,FALSE),"") -> Crianças menores de 5 anos internadas | D173: Geral | E173: Residentes de Divinópolis | F173: 42 | I173: =IF(B173="","",IF(F173<>"",F173,IF(AND(G173<>"",H173<>""),IF(H173=0,"",G173/H173),""))) -> 42 | J173: =IFERROR(VLOOKUP(B173,Referência!$A$5:$I$16,9,FALSE),"") -> quantidade | L173: Relatório Soul por faixa etária | M173: 46276 | N173: Coordenação Assistencial | O173: Transcrito do documento | P173: =IF(B173="","",IF(OR(A173="",C173="",D173="",E173="",I173="",J173="",L173="",M173="",N173="",O173=""),"INCOMPLETO","COMPLETO")) -> COMPLETO
A174: 46082 | B174: CRI_MENOR_5 | C174: =IFERROR(VLOOKUP(B174,Referência!$A$5:$I$16,2,FALSE),"") -> Crianças menores de 5 anos internadas | D174: Geral | E174: Residentes de Divinópolis | F174: 59 | I174: =IF(B174="","",IF(F174<>"",F174,IF(AND(G174<>"",H174<>""),IF(H174=0,"",G174/H174),""))) -> 59 | J174: =IFERROR(VLOOKUP(B174,Referência!$A$5:$I$16,9,FALSE),"") -> quantidade | L174: Relatório Soul por faixa etária | M174: 46276 | N174: Coordenação Assistencial | O174: Transcrito do documento | P174: =IF(B174="","",IF(OR(A174="",C174="",D174="",E174="",I174="",J174="",L174="",M174="",N174="",O174=""),"INCOMPLETO","COMPLETO")) -> COMPLETO
A175: 46113 | B175: CRI_MENOR_5 | C175: =IFERROR(VLOOKUP(B175,Referência!$A$5:$I$16,2,FALSE),"") -> Crianças menores de 5 anos internadas | D175: Geral | E175: Residentes de Divinópolis | F175: 41 | I175: =IF(B175="","",IF(F175<>"",F175,IF(AND(G175<>"",H175<>""),IF(H175=0,"",G175/H175),""))) -> 41 | J175: =IFERROR(VLOOKUP(B175,Referência!$A$5:$I$16,9,FALSE),"") -> quantidade | L175: Relatório Soul por faixa etária | M175: 46276 | N175: Coordenação Assistencial | O175: Transcrito do documento | P175: =IF(B175="","",IF(OR(A175="",C175="",D175="",E175="",I175="",J175="",L175="",M175="",N175="",O175=""),"INCOMPLETO","COMPLETO")) -> COMPLETO
A176: 46143 | B176: CRI_MENOR_5 | C176: =IFERROR(VLOOKUP(B176,Referência!$A$5:$I$16,2,FALSE),"") -> Crianças menores de 5 anos internadas | D176: Geral | E176: Residentes de Divinópolis | F176: 43 | I176: =IF(B176="","",IF(F176<>"",F176,IF(AND(G176<>"",H176<>""),IF(H176=0,"",G176/H176),""))) -> 43 | J176: =IFERROR(VLOOKUP(B176,Referência!$A$5:$I$16,9,FALSE),"") -> quantidade | L176: Relatório Soul por faixa etária | M176: 46276 | N176: Coordenação Assistencial | O176: Transcrito do documento | P176: =IF(B176="","",IF(OR(A176="",C176="",D176="",E176="",I176="",J176="",L176="",M176="",N176="",O176=""),"INCOMPLETO","COMPLETO")) -> COMPLETO
A177: 46174 | B177: CRI_MENOR_5 | C177: =IFERROR(VLOOKUP(B177,Referência!$A$5:$I$16,2,FALSE),"") -> Crianças menores de 5 anos internadas | D177: Geral | E177: Residentes de Divinópolis | F177: 46 | I177: =IF(B177="","",IF(F177<>"",F177,IF(AND(G177<>"",H177<>""),IF(H177=0,"",G177/H177),""))) -> 46 | J177: =IFERROR(VLOOKUP(B177,Referência!$A$5:$I$16,9,FALSE),"") -> quantidade | L177: Relatório Soul por faixa etária | M177: 46276 | N177: Coordenação Assistencial | O177: Transcrito do documento | P177: =IF(B177="","",IF(OR(A177="",C177="",D177="",E177="",I177="",J177="",L177="",M177="",N177="",O177=""),"INCOMPLETO","COMPLETO")) -> COMPLETO
A178: 46204 | B178: CRI_MENOR_5 | C178: =IFERROR(VLOOKUP(B178,Referência!$A$5:$I$16,2,FALSE),"") -> Crianças menores de 5 anos internadas | D178: Geral | E178: Residentes de Divinópolis | F178: 52 | I178: =IF(B178="","",IF(F178<>"",F178,IF(AND(G178<>"",H178<>""),IF(H178=0,"",G178/H178),""))) -> 52 | J178: =IFERROR(VLOOKUP(B178,Referência!$A$5:$I$16,9,FALSE),"") -> quantidade | L178: Relatório Soul por faixa etária | M178: 46276 | N178: Coordenação Assistencial | O178: Transcrito do documento | P178: =IF(B178="","",IF(OR(A178="",C178="",D178="",E178="",I178="",J178="",L178="",M178="",N178="",O178=""),"INCOMPLETO","COMPLETO")) -> COMPLETO
A179: 46235 | B179: CRI_MENOR_5 | C179: =IFERROR(VLOOKUP(B179,Referência!$A$5:$I$16,2,FALSE),"") -> Crianças menores de 5 anos internadas | D179: Geral | E179: Residentes de Divinópolis | F179: 51 | I179: =IF(B179="","",IF(F179<>"",F179,IF(AND(G179<>"",H179<>""),IF(H179=0,"",G179/H179),""))) -> 51 | J179: =IFERROR(VLOOKUP(B179,Referência!$A$5:$I$16,9,FALSE),"") -> quantidade | L179: Relatório Soul por faixa etária | M179: 46276 | N179: Coordenação Assistencial | O179: Transcrito do documento | P179: =IF(B179="","",IF(OR(A179="",C179="",D179="",E179="",I179="",J179="",L179="",M179="",N179="",O179=""),"INCOMPLETO","COMPLETO")) -> COMPLETO
A180: 45658 | B180: CRI_6_A_9 | C180: =IFERROR(VLOOKUP(B180,Referência!$A$5:$I$16,2,FALSE),"") -> Crianças de 6 a 9 anos internadas | D180: Geral | E180: Residentes de Divinópolis | F180: 14 | I180: =IF(B180="","",IF(F180<>"",F180,IF(AND(G180<>"",H180<>""),IF(H180=0,"",G180/H180),""))) -> 14 | J180: =IFERROR(VLOOKUP(B180,Referência!$A$5:$I$16,9,FALSE),"") -> quantidade | K180: A tabela original informa o ano de 2025. | L180: Relatório Soul por faixa etária | M180: 46276 | N180: Coordenação Assistencial | O180: Transcrito do documento | P180: =IF(B180="","",IF(OR(A180="",C180="",D180="",E180="",I180="",J180="",L180="",M180="",N180="",O180=""),"INCOMPLETO","COMPLETO")) -> COMPLETO
A181: 45689 | B181: CRI_6_A_9 | C181: =IFERROR(VLOOKUP(B181,Referência!$A$5:$I$16,2,FALSE),"") -> Crianças de 6 a 9 anos internadas | D181: Geral | E181: Residentes de Divinópolis | F181: 8 | I181: =IF(B181="","",IF(F181<>"",F181,IF(AND(G181<>"",H181<>""),IF(H181=0,"",G181/H181),""))) -> 8 | J181: =IFERROR(VLOOKUP(B181,Referência!$A$5:$I$16,9,FALSE),"") -> quantidade | K181: A tabela original informa o ano de 2025. | L181: Relatório Soul por faixa etária | M181: 46276 | N181: Coordenação Assistencial | O181: Transcrito do documento | P181: =IF(B181="","",IF(OR(A181="",C181="",D181="",E181="",I181="",J181="",L181="",M181="",N181="",O181=""),"INCOMPLETO","COMPLETO")) -> COMPLETO
A182: 45717 | B182: CRI_6_A_9 | C182: =IFERROR(VLOOKUP(B182,Referência!$A$5:$I$16,2,FALSE),"") -> Crianças de 6 a 9 anos internadas | D182: Geral | E182: Residentes de Divinópolis | F182: 14 | I182: =IF(B182="","",IF(F182<>"",F182,IF(AND(G182<>"",H182<>""),IF(H182=0,"",G182/H182),""))) -> 14 | J182: =IFERROR(VLOOKUP(B182,Referência!$A$5:$I$16,9,FALSE),"") -> quantidade | K182: A tabela original informa o ano de 2025. | L182: Relatório Soul por faixa etária | M182: 46276 | N182: Coordenação Assistencial | O182: Transcrito do documento | P182: =IF(B182="","",IF(OR(A182="",C182="",D182="",E182="",I182="",J182="",L182="",M182="",N182="",O182=""),"INCOMPLETO","COMPLETO")) -> COMPLETO
A183: 45748 | B183: CRI_6_A_9 | C183: =IFERROR(VLOOKUP(B183,Referência!$A$5:$I$16,2,FALSE),"") -> Crianças de 6 a 9 anos internadas | D183: Geral | E183: Residentes de Divinópolis | F183: 13 | I183: =IF(B183="","",IF(F183<>"",F183,IF(AND(G183<>"",H183<>""),IF(H183=0,"",G183/H183),""))) -> 13 | J183: =IFERROR(VLOOKUP(B183,Referência!$A$5:$I$16,9,FALSE),"") -> quantidade | K183: A tabela original informa o ano de 2025. | L183: Relatório Soul por faixa etária | M183: 46276 | N183: Coordenação Assistencial | O183: Transcrito do documento | P183: =IF(B183="","",IF(OR(A183="",C183="",D183="",E183="",I183="",J183="",L183="",M183="",N183="",O183=""),"INCOMPLETO","COMPLETO")) -> COMPLETO
A184: 45778 | B184: CRI_6_A_9 | C184: =IFERROR(VLOOKUP(B184,Referência!$A$5:$I$16,2,FALSE),"") -> Crianças de 6 a 9 anos internadas | D184: Geral | E184: Residentes de Divinópolis | F184: 12 | I184: =IF(B184="","",IF(F184<>"",F184,IF(AND(G184<>"",H184<>""),IF(H184=0,"",G184/H184),""))) -> 12 | J184: =IFERROR(VLOOKUP(B184,Referência!$A$5:$I$16,9,FALSE),"") -> quantidade | K184: A tabela original informa o ano de 2025. | L184: Relatório Soul por faixa etária | M184: 46276 | N184: Coordenação Assistencial | O184: Transcrito do documento | P184: =IF(B184="","",IF(OR(A184="",C184="",D184="",E184="",I184="",J184="",L184="",M184="",N184="",O184=""),"INCOMPLETO","COMPLETO")) -> COMPLETO
A185: 45809 | B185: CRI_6_A_9 | C185: =IFERROR(VLOOKUP(B185,Referência!$A$5:$I$16,2,FALSE),"") -> Crianças de 6 a 9 anos internadas | D185: Geral | E185: Residentes de Divinópolis | F185: 12 | I185: =IF(B185="","",IF(F185<>"",F185,IF(AND(G185<>"",H185<>""),IF(H185=0,"",G185/H185),""))) -> 12 | J185: =IFERROR(VLOOKUP(B185,Referência!$A$5:$I$16,9,FALSE),"") -> quantidade | K185: A tabela original informa o ano de 2025. | L185: Relatório Soul por faixa etária | M185: 46276 | N185: Coordenação Assistencial | O185: Transcrito do documento | P185: =IF(B185="","",IF(OR(A185="",C185="",D185="",E185="",I185="",J185="",L185="",M185="",N185="",O185=""),"INCOMPLETO","COMPLETO")) -> COMPLETO
A186: 45839 | B186: CRI_6_A_9 | C186: =IFERROR(VLOOKUP(B186,Referência!$A$5:$I$16,2,FALSE),"") -> Crianças de 6 a 9 anos internadas | D186: Geral | E186: Residentes de Divinópolis | F186: 18 | I186: =IF(B186="","",IF(F186<>"",F186,IF(AND(G186<>"",H186<>""),IF(H186=0,"",G186/H186),""))) -> 18 | J186: =IFERROR(VLOOKUP(B186,Referência!$A$5:$I$16,9,FALSE),"") -> quantidade | K186: A tabela original informa o ano de 2025. | L186: Relatório Soul por faixa etária | M186: 46276 | N186: Coordenação Assistencial | O186: Transcrito do documento | P186: =IF(B186="","",IF(OR(A186="",C186="",D186="",E186="",I186="",J186="",L186="",M186="",N186="",O186=""),"INCOMPLETO","COMPLETO")) -> COMPLETO
A187: 45870 | B187: CRI_6_A_9 | C187: =IFERROR(VLOOKUP(B187,Referência!$A$5:$I$16,2,FALSE),"") -> Crianças de 6 a 9 anos internadas | D187: Geral | E187: Residentes de Divinópolis | F187: 13 | I187: =IF(B187="","",IF(F187<>"",F187,IF(AND(G187<>"",H187<>""),IF(H187=0,"",G187/H187),""))) -> 13 | J187: =IFERROR(VLOOKUP(B187,Referência!$A$5:$I$16,9,FALSE),"") -> quantidade | K187: A tabela original informa o ano de 2025. | L187: Relatório Soul por faixa etária | M187: 46276 | N187: Coordenação Assistencial | O187: Transcrito do documento | P187: =IF(B187="","",IF(OR(A187="",C187="",D187="",E187="",I187="",J187="",L187="",M187="",N187="",O187=""),"INCOMPLETO","COMPLETO")) -> COMPLETO
A188: 46023 | B188: PARTOS | C188: =IFERROR(VLOOKUP(B188,Referência!$A$5:$I$16,2,FALSE),"") -> Quantidade de partos por tipo | D188: SUS | E188: Parto normal - alto risco | F188: 20 | I188: =IF(B188="","",IF(F188<>"",F188,IF(AND(G188<>"",H188<>""),IF(H188=0,"",G188/H188),""))) -> 20 | J188: =IFERROR(VLOOKUP(B188,Referência!$A$5:$I$16,9,FALSE),"") -> quantidade | L188: Planilha de partos do BO | M188: 46276 | N188: Coordenação da Maternidade | O188: Transcrito do documento | P188: =IF(B188="","",IF(OR(A188="",C188="",D188="",E188="",I188="",J188="",L188="",M188="",N188="",O188=""),"INCOMPLETO","COMPLETO")) -> COMPLETO
A189: 46023 | B189: PARTOS | C189: =IFERROR(VLOOKUP(B189,Referência!$A$5:$I$16,2,FALSE),"") -> Quantidade de partos por tipo | D189: SUS | E189: Parto normal - risco habitual | F189: 40 | I189: =IF(B189="","",IF(F189<>"",F189,IF(AND(G189<>"",H189<>""),IF(H189=0,"",G189/H189),""))) -> 40 | J189: =IFERROR(VLOOKUP(B189,Referência!$A$5:$I$16,9,FALSE),"") -> quantidade | L189: Planilha de partos do BO | M189: 46276 | N189: Coordenação da Maternidade | O189: Transcrito do documento | P189: =IF(B189="","",IF(OR(A189="",C189="",D189="",E189="",I189="",J189="",L189="",M189="",N189="",O189=""),"INCOMPLETO","COMPLETO")) -> COMPLETO
A190: 46023 | B190: PARTOS | C190: =IFERROR(VLOOKUP(B190,Referência!$A$5:$I$16,2,FALSE),"") -> Quantidade de partos por tipo | D190: SUS | E190: Parto cesáreo - alto risco | F190: 12 | I190: =IF(B190="","",IF(F190<>"",F190,IF(AND(G190<>"",H190<>""),IF(H190=0,"",G190/H190),""))) -> 12 | J190: =IFERROR(VLOOKUP(B190,Referência!$A$5:$I$16,9,FALSE),"") -> quantidade | L190: Planilha de partos do BO | M190: 46276 | N190: Coordenação da Maternidade | O190: Transcrito do documento | P190: =IF(B190="","",IF(OR(A190="",C190="",D190="",E190="",I190="",J190="",L190="",M190="",N190="",O190=""),"INCOMPLETO","COMPLETO")) -> COMPLETO
A191: 46023 | B191: PARTOS | C191: =IFERROR(VLOOKUP(B191,Referência!$A$5:$I$16,2,FALSE),"") -> Quantidade de partos por tipo | D191: SUS | E191: Parto cesáreo - risco habitual | F191: 18 | I191: =IF(B191="","",IF(F191<>"",F191,IF(AND(G191<>"",H191<>""),IF(H191=0,"",G191/H191),""))) -> 18 | J191: =IFERROR(VLOOKUP(B191,Referência!$A$5:$I$16,9,FALSE),"") -> quantidade | L191: Planilha de partos do BO | M191: 46276 | N191: Coordenação da Maternidade | O191: Transcrito do documento | P191: =IF(B191="","",IF(OR(A191="",C191="",D191="",E191="",I191="",J191="",L191="",M191="",N191="",O191=""),"INCOMPLETO","COMPLETO")) -> COMPLETO
A192: 46023 | B192: PARTOS | C192: =IFERROR(VLOOKUP(B192,Referência!$A$5:$I$16,2,FALSE),"") -> Quantidade de partos por tipo | D192: Saúde suplementar | E192: Parto normal - sem estratificação de risco | F192: 22 | I192: =IF(B192="","",IF(F192<>"",F192,IF(AND(G192<>"",H192<>""),IF(H192=0,"",G192/H192),""))) -> 22 | J192: =IFERROR(VLOOKUP(B192,Referência!$A$5:$I$16,9,FALSE),"") -> quantidade | L192: Planilha de partos do BO | M192: 46276 | N192: Coordenação da Maternidade | O192: Transcrito do documento | P192: =IF(B192="","",IF(OR(A192="",C192="",D192="",E192="",I192="",J192="",L192="",M192="",N192="",O192=""),"INCOMPLETO","COMPLETO")) -> COMPLETO
A193: 46023 | B193: PARTOS | C193: =IFERROR(VLOOKUP(B193,Referência!$A$5:$I$16,2,FALSE),"") -> Quantidade de partos por tipo | D193: Saúde suplementar | E193: Parto cesáreo - sem estratificação de risco | F193: 44 | I193: =IF(B193="","",IF(F193<>"",F193,IF(AND(G193<>"",H193<>""),IF(H193=0,"",G193/H193),""))) -> 44 | J193: =IFERROR(VLOOKUP(B193,Referência!$A$5:$I$16,9,FALSE),"") -> quantidade | L193: Planilha de partos do BO | M193: 46276 | N193: Coordenação da Maternidade | O193: Transcrito do documento | P193: =IF(B193="","",IF(OR(A193="",C193="",D193="",E193="",I193="",J193="",L193="",M193="",N193="",O193=""),"INCOMPLETO","COMPLETO")) -> COMPLETO
A194: 46054 | B194: PARTOS | C194: =IFERROR(VLOOKUP(B194,Referência!$A$5:$I$16,2,FALSE),"") -> Quantidade de partos por tipo | D194: SUS | E194: Parto normal - alto risco | F194: 11 | I194: =IF(B194="","",IF(F194<>"",F194,IF(AND(G194<>"",H194<>""),IF(H194=0,"",G194/H194),""))) -> 11 | J194: =IFERROR(VLOOKUP(B194,Referência!$A$5:$I$16,9,FALSE),"") -> quantidade | L194: Planilha de partos do BO | M194: 46276 | N194: Coordenação da Maternidade | O194: Transcrito do documento | P194: =IF(B194="","",IF(OR(A194="",C194="",D194="",E194="",I194="",J194="",L194="",M194="",N194="",O194=""),"INCOMPLETO","COMPLETO")) -> COMPLETO
A195: 46054 | B195: PARTOS | C195: =IFERROR(VLOOKUP(B195,Referência!$A$5:$I$16,2,FALSE),"") -> Quantidade de partos por tipo | D195: SUS | E195: Parto normal - risco habitual | F195: 29 | I195: =IF(B195="","",IF(F195<>"",F195,IF(AND(G195<>"",H195<>""),IF(H195=0,"",G195/H195),""))) -> 29 | J195: =IFERROR(VLOOKUP(B195,Referência!$A$5:$I$16,9,FALSE),"") -> quantidade | L195: Planilha de partos do BO | M195: 46276 | N195: Coordenação da Maternidade | O195: Transcrito do documento | P195: =IF(B195="","",IF(OR(A195="",C195="",D195="",E195="",I195="",J195="",L195="",M195="",N195="",O195=""),"INCOMPLETO","COMPLETO")) -> COMPLETO
A196: 46054 | B196: PARTOS | C196: =IFERROR(VLOOKUP(B196,Referência!$A$5:$I$16,2,FALSE),"") -> Quantidade de partos por tipo | D196: SUS | E196: Parto cesáreo - alto risco | F196: 18 | I196: =IF(B196="","",IF(F196<>"",F196,IF(AND(G196<>"",H196<>""),IF(H196=0,"",G196/H196),""))) -> 18 | J196: =IFERROR(VLOOKUP(B196,Referência!$A$5:$I$16,9,FALSE),"") -> quantidade | L196: Planilha de partos do BO | M196: 46276 | N196: Coordenação da Maternidade | O196: Transcrito do documento | P196: =IF(B196="","",IF(OR(A196="",C196="",D196="",E196="",I196="",J196="",L196="",M196="",N196="",O196=""),"INCOMPLETO","COMPLETO")) -> COMPLETO
A197: 46054 | B197: PARTOS | C197: =IFERROR(VLOOKUP(B197,Referência!$A$5:$I$16,2,FALSE),"") -> Quantidade de partos por tipo | D197: SUS | E197: Parto cesáreo - risco habitual | F197: 9 | I197: =IF(B197="","",IF(F197<>"",F197,IF(AND(G197<>"",H197<>""),IF(H197=0,"",G197/H197),""))) -> 9 | J197: =IFERROR(VLOOKUP(B197,Referência!$A$5:$I$16,9,FALSE),"") -> quantidade | L197: Planilha de partos do BO | M197: 46276 | N197: Coordenação da Maternidade | O197: Transcrito do documento | P197: =IF(B197="","",IF(OR(A197="",C197="",D197="",E197="",I197="",J197="",L197="",M197="",N197="",O197=""),"INCOMPLETO","COMPLETO")) -> COMPLETO
A198: 46054 | B198: PARTOS | C198: =IFERROR(VLOOKUP(B198,Referência!$A$5:$I$16,2,FALSE),"") -> Quantidade de partos por tipo | D198: Saúde suplementar | E198: Parto normal - sem estratificação de risco | F198: 17 | I198: =IF(B198="","",IF(F198<>"",F198,IF(AND(G198<>"",H198<>""),IF(H198=0,"",G198/H198),""))) -> 17 | J198: =IFERROR(VLOOKUP(B198,Referência!$A$5:$I$16,9,FALSE),"") -> quantidade | L198: Planilha de partos do BO | M198: 46276 | N198: Coordenação da Maternidade | O198: Transcrito do documento | P198: =IF(B198="","",IF(OR(A198="",C198="",D198="",E198="",I198="",J198="",L198="",M198="",N198="",O198=""),"INCOMPLETO","COMPLETO")) -> COMPLETO
A199: 46054 | B199: PARTOS | C199: =IFERROR(VLOOKUP(B199,Referência!$A$5:$I$16,2,FALSE),"") -> Quantidade de partos por tipo | D199: Saúde suplementar | E199: Parto cesáreo - sem estratificação de risco | F199: 51 | I199: =IF(B199="","",IF(F199<>"",F199,IF(AND(G199<>"",H199<>""),IF(H199=0,"",G199/H199),""))) -> 51 | J199: =IFERROR(VLOOKUP(B199,Referência!$A$5:$I$16,9,FALSE),"") -> quantidade | L199: Planilha de partos do BO | M199: 46276 | N199: Coordenação da Maternidade | O199: Transcrito do documento | P199: =IF(B199="","",IF(OR(A199="",C199="",D199="",E199="",I199="",J199="",L199="",M199="",N199="",O199=""),"INCOMPLETO","COMPLETO")) -> COMPLETO
... A235: 46235 | B235: PARTOS | C235: =IFERROR(VLOOKUP(B235,Referência!$A$5:$I$16,2,FALSE),"") -> Quantidade de partos por tipo | D235: Saúde suplementar | E235: Parto cesáreo - sem estratificação de risco | F235: 53 | I235: =IF(B235="","",IF(F235<>"",F235,IF(AND(G235<>"",H235<>""),IF(H235=0,"",G235/H235),""))) -> 53 | J235: =IFERROR(VLOOKUP(B235,Referência!$A$5:$I$16,9,FALSE),"") -> quantidade | L235: Planilha de partos do BO | M235: 46276 | N235: Coordenação da Maternidade | O235: Transcrito do documento | P235: =IF(B235="","",IF(OR(A235="",C235="",D235="",E235="",I235="",J235="",L235="",M235="",N235="",O235=""),"INCOMPLETO","COMPLETO")) -> COMPLETO
A236: 46023 | B236: PORTA_MEDICO | C236: =IFERROR(VLOOKUP(B236,Referência!$A$5:$I$16,2,FALSE),"") -> Tempo médio de espera porta-médico hospitalar | D236: Geral | E236: Todas as classificações | F236: 26 | G236: 13520 | H236: 520 | I236: =IF(B236="","",IF(F236<>"",F236,IF(AND(G236<>"",H236<>""),IF(H236=0,"",G236/H236),""))) -> 26 | J236: =IFERROR(VLOOKUP(B236,Referência!$A$5:$I$16,9,FALSE),"") -> minutos | L236: Relatório 2024 | M236: 46276 | N236: Coordenação Assistencial | O236: Transcrito do documento | P236: =IF(B236="","",IF(OR(A236="",C236="",D236="",E236="",I236="",J236="",L236="",M236="",N236="",O236=""),"INCOMPLETO","COMPLETO")) -> COMPLETO
A237: 46023 | B237: PORTA_MEDICO | C237: =IFERROR(VLOOKUP(B237,Referência!$A$5:$I$16,2,FALSE),"") -> Tempo médio de espera porta-médico hospitalar | D237: Geral | E237: Amarelas e laranjas | F237: 24 | G237: 3120 | H237: 130 | I237: =IF(B237="","",IF(F237<>"",F237,IF(AND(G237<>"",H237<>""),IF(H237=0,"",G237/H237),""))) -> 24 | J237: =IFERROR(VLOOKUP(B237,Referência!$A$5:$I$16,9,FALSE),"") -> minutos | L237: Relatório 2024 | M237: 46276 | N237: Coordenação Assistencial | O237: Transcrito do documento | P237: =IF(B237="","",IF(OR(A237="",C237="",D237="",E237="",I237="",J237="",L237="",M237="",N237="",O237=""),"INCOMPLETO","COMPLETO")) -> COMPLETO
A238: 46023 | B238: PORTA_MEDICO | C238: =IFERROR(VLOOKUP(B238,Referência!$A$5:$I$16,2,FALSE),"") -> Tempo médio de espera porta-médico hospitalar | D238: Geral | E238: Azul e verde | F238: 26 | G238: 8840 | H238: 340 | I238: =IF(B238="","",IF(F238<>"",F238,IF(AND(G238<>"",H238<>""),IF(H238=0,"",G238/H238),""))) -> 26 | J238: =IFERROR(VLOOKUP(B238,Referência!$A$5:$I$16,9,FALSE),"") -> minutos | L238: Relatório 2024 | M238: 46276 | N238: Coordenação Assistencial | O238: Transcrito do documento | P238: =IF(B238="","",IF(OR(A238="",C238="",D238="",E238="",I238="",J238="",L238="",M238="",N238="",O238=""),"INCOMPLETO","COMPLETO")) -> COMPLETO
A239: 46054 | B239: PORTA_MEDICO | C239: =IFERROR(VLOOKUP(B239,Referência!$A$5:$I$16,2,FALSE),"") -> Tempo médio de espera porta-médico hospitalar | D239: Geral | E239: Todas as classificações | F239: 22 | G239: 11000 | H239: 500 | I239: =IF(B239="","",IF(F239<>"",F239,IF(AND(G239<>"",H239<>""),IF(H239=0,"",G239/H239),""))) -> 22 | J239: =IFERROR(VLOOKUP(B239,Referência!$A$5:$I$16,9,FALSE),"") -> minutos | L239: Relatório 2024 | M239: 46276 | N239: Coordenação Assistencial | O239: Transcrito do documento | P239: =IF(B239="","",IF(OR(A239="",C239="",D239="",E239="",I239="",J239="",L239="",M239="",N239="",O239=""),"INCOMPLETO","COMPLETO")) -> COMPLETO
...

Sheet Referência
A2: Referência
A4: codigo_indicador | B4: nome_indicador | C4: relatorio_fonte | D4: definicao | E4: metodo_calculo | F4: frequencia | G4: area_referencia | H4: parametro | I4: unidade_medida
A5: 2017 | B5: Percentual de recém-nascidos com amamentação na primeira hora de vida | C5: Relatório cód. 2017 | D5: Proporção de RN amamentados na primeira hora em relação aos nascidos vivos hospitalares. | E5: RN amamentados na 1ª hora / nascidos vivos hospitalares × 100 | F5: Semestral | G5: Residentes de Divinópolis | H5: Acima de 70% | I5: percentual
A6: 2097 | B6: Tempo médio de internação do RN de risco | C6: Relatório cód. 2097 | D6: Tempo médio de internação hospitalar dos RN classificados como de risco. | E6: Soma dos dias de internação / RN de risco internados | F6: Semestral | G6: Residentes de Divinópolis | H6: Não se aplica | I6: dias
A7: CRITERIOS_RN_RISCO | B7: Critérios identificados nos RN classificados como de risco | C7: Relatório analítico | D7: Contagem dos critérios registrados para RN de risco. | E7: Contagem por critério; um RN pode ter mais de um critério | F7: Mensal no documento | G7: Residentes de Divinópolis | H7: Não se aplica | I7: quantidade
A8: 2103 | B8: Proporção de recém-nascidos de risco encaminhados ao PIPA | C8: Relatório cód. 2103 | D8: Proporção de RN de risco encaminhados ao PIPA. | E8: RN encaminhados / RN de risco identificados × 100 | F8: Semestral | G8: Residentes de Divinópolis | H8: Acima de 95% | I8: percentual
A9: 2015 | B9: Taxa de aplicação do instrumento ACCR | C9: Relatório cód. 2015 | D9: Proporção de gestantes admitidas com aplicação registrada do ACCR. | E9: Gestantes com ACCR / gestantes admitidas × 100 | F9: Semestral | G9: Residentes de Divinópolis | H9: Acima de 95% | I9: percentual
A10: 2014 | B10: Taxa de aplicação da classificação de Robson | C10: Relatório cód. 2014 | D10: Proporção de partos classificados segundo Robson. | E10: Partos classificados / total de partos × 100 | F10: Semestral | G10: Residentes de Divinópolis | H10: Acima de 95% | I10: percentual
A11: CRI_MENOR_5 | B11: Crianças menores de 5 anos internadas | C11: Relatório Soul por faixa etária | D11: Quantidade mensal de crianças menores de 5 anos internadas. | E11: Contagem mensal | F11: Semestral | G11: Residentes de Divinópolis | H11: Não se aplica | I11: quantidade
A12: CRI_6_A_9 | B12: Crianças de 6 a 9 anos internadas | C12: Relatório Soul por faixa etária | D12: Quantidade mensal de crianças de 6 a 9 anos internadas. | E12: Contagem mensal | F12: Não informada | G12: Residentes de Divinópolis | H12: Não se aplica | I12: quantidade
A13: PARTOS | B13: Quantidade de partos por tipo | C13: Planilha de partos do BO | D13: Quantidade de partos normais e cesáreos por atendimento e risco. | E13: Contagem por tipo; percentual = tipo / total × 100 | F13: Semestral | G13: Residentes de Divinópolis | H13: 10% a 15% de partos cesáreos | I13: quantidade
A14: PORTA_MEDICO | B14: Tempo médio de espera porta-médico hospitalar | C14: Relatório 2024 | D14: Tempo médio entre chegada e primeiro atendimento médico. | E14: Soma dos tempos / total de atendimentos | F14: Semestral | G14: Residentes de Divinópolis | H14: Não se aplica | I14: minutos
A15: PA_PREPARTO | B15: Tempo médio de espera do pronto atendimento ao pré-parto | C15: Relatório 2023 | D15: Tempo médio entre chegada e recebimento no pré-parto. | E15: Soma dos tempos / total de atendimentos | F15: Semestral | G15: Residentes de Divinópolis | H15: Não se aplica | I15: minutos
A16: ICSAP | B16: Percentual de internações por condições sensíveis à atenção primária | C16: Relatório específico do DRG | D16: Proporção de internações por causas sensíveis à APS. | E16: Internações por condições sensíveis / total de internações × 100 | F16: Semestral | G16: Residentes de Divinópolis | H16: Abaixo de 20% | I16: percentual

Sheet Como_preencher
A2: Como usar a planilha
A5: Regras de preenchimento
A6: 1 | B6: Uma linha representa um resultado de um indicador, período, atendimento e detalhamento.
A7: 2 | B7: Ao selecionar codigo_indicador, nome_indicador e unidade_medida são preenchidos automaticamente.
A8: 3 | B8: Se o documento trouxer o resultado pronto, preencha resultado_informado.
A9: 4 | B9: Se houver somente numerador e denominador, deixe resultado_informado vazio; o resultado será calculado.
A10: 6 | B10: Amarelo indica entrada manual; verde indica campo automático.

Sheet Listas_de_opcoes
A1: tipo_atendimento | B1: unidade_medida | C1: situacao_do_dado | D1: detalhamento_comum
A2: SUS | B2: percentual | C2: Em elaboração | D2: Sem detalhamento
A3: Saúde suplementar | B3: dias | C3: Revisado | D3: Todas as classificações
A4: Geral | B4: minutos | C4: Validado | D4: Amarelas e laranjas
A5: Não se aplica | B5: quantidade | C5: Retificado | D5: Azul e verde
D6: Residentes de Divinópolis
